"educ_grupo","n","prop","prop_pct"
"Baja",3902,0.261580746798954,26.2
"Media",7085,0.474961453375344,47.5
"Alta",3930,0.263457799825702,26.3
