"informal_fac","n","prop","prop_pct"
"Formal",9476,0.635248374338004,63.5
"Informal",5441,0.364751625661996,36.5
