"n","media","mediana","moda","sd","p25","p75","iqr","min","max"
14917,39.5331500972045,39,38,11.6685442421189,30,48,18,18,64
