"sexo","n_raw","n_modelo","diff_abs","diff_pct"
"Mujer",24780,7046,-17734,-71.5657788539145
"Varón",22784,7871,-14913,-65.453827247191
