"educ_grupo","sexo","informalidad","n"
"Baja","Mujer",65.8892128279883,1372
"Baja","Varón",52.1739130434783,2530
"Media","Mujer",44.1479684657368,3298
"Media","Varón",32.1362556113018,3787
"Alta","Mujer",13.5942760942761,2376
"Alta","Varón",14.2213642213642,1554
