"educ_grupo","informalidad","n"
"Baja",56.9964120963608,3902
"Media",37.72759350741,7085
"Alta",13.8422391857506,3930
