"sexo","n","prop","prop_pct"
"Varón",7871,0.527653013340484,52.8
"Mujer",7046,0.472346986659516,47.2
