"informal_fac","n","media","mediana","sd","p25","p75","iqr"
"Formal",9476,41.7281553398058,42,10.9223004340209,33,50,17
"Informal",5441,35.7103473626172,34,11.9387338247771,26,45,19
