"educ_grupo","sexo","edad","AGLOMERADO","prob_informal","prob_inf_pct"
"Baja","Varón",39,13,0.546971155001046,54.6971155001046
"Media","Varón",39,13,0.295427935237839,29.5427935237839
"Alta","Varón",39,13,0.156376323586118,15.6376323586118
"Baja","Mujer",39,13,0.734354575438275,73.4354575438275
"Media","Mujer",39,13,0.424716064492401,42.4716064492401
"Alta","Mujer",39,13,0.152221076461884,15.2221076461884
